{
    "accuracy": 0.7044651461612592,
    "precision": 0.8252747252747252,
    "recall": 0.4966931216931217,
    "roc_auc": 0.6986900961370043
}
